UNIT_LINK,REF_ID
WAbi;0,WA040
WAbi;0,WA060
WAbi;0,WA059
WAbi;0,WA075
WAbi;0,WA001
WACls;0,WA018
WACls;0,WA019
WACls;0,WA023
WACls;0,WA073
WACls;0,WA001
WACph;0,WA018
WACph;0,WA028
WACph;0,WA023
WACph;0,WA001
WACq;0,WA018
WACq;0,WA019
WACq;0,WA023
WACq;0,WA001
WAD;0,WA078
WAD;0,WA029
WAD;0,WA001
WAE1;0,WA012
WAE1;0,WA045
WAE1;0,WA007
WAE1;0,WA046
WAE1;0,WA050
WAE1;0,WA056
WAE1;0,WA063
WAE1;0,WA062
WAE1;0,WA066
WAE1;0,WA002
WAE1;0,WA001
WAE2;0,WA045
WAE2;0,WA007
WAE2;0,WA046
WAE2;0,WA048
WAE2;0,WA049
WAE2;0,WA056
WAE2;0,WA062
WAE2;0,WA052
WAE2;0,WA001
WAEc;0,WA022
WAEc;0,WA040
WAEc;0,WA043
WAEc;0,WA059
WAEc;0,WA061
WAEc;0,WA001
WAEOLv;0,WA011
WAEOLv;0,WA014
WAEOLv;0,WA013
WAEOLv;0,WA021
WAEOLv;0,WA022
WAEOLv;0,WA023
WAEOLv;0,WA001
WAEPKc;0,WA039
WAEPKc;0,WA040
WAEPKc;0,WA041
WAEPKc;0,WA025
WAEPKc;0,WA043
WAEPKc;0,WA057
WAEPKc;0,WA001
WAEv;0,WA011
WAEv;0,WA043
WAEv;0,WA044
WAEv;0,WA075
WAEv;0,WA001
WAEv1;0,WA011
WAEv1;0,WA050
WAEv1;0,WA044
WAEv1;0,WA007
WAEv1;0,WA001
WAEv1a;0,WA011
WAEv1a;0,WA007
WAEv1a;0,WA050
WAEv1a;0,WA056
WAEv1a;0,WA001
WAEv1b;0,WA011
WAEv1b;0,WA007
WAEv1b;0,WA040
WAEv1b;0,WA050
WAEv1b;0,WA059
WAEv1b;0,WA067
WAEv1b;0,WA001
WAEv1r;0,WA075
WAEv1r;0,WA081
WAEv1r;0,WA007
WAEv1r;0,WA001
WAEv2;0,WA008
WAEv2;0,WA010
WAEv2;0,WA011
WAEv2;0,WA012
WAEv2;0,WA048
WAEv2;0,WA049
WAEv2;0,WA007
WAEv2;0,WA052
WAEv2;0,WA056
WAEv2;0,WA001
WAJ;0,WA075
WAJ;0,WA076
WAJ;0,WA001
WAJK;0,WA029
WAJK;0,WA041
WAJK;0,WA043
WAJK;0,WA055
WAJK;0,WA077
WAJK;0,WA078
WAJK;0,WA083
WAJK;0,WA001
WAJKs;0,WA025
WAJKs;0,WA043
WAJKs;0,WA078
WAJKs;0,WA082
WAJKs;0,WA080
WAJKs;0,WA086
WAJKs;0,WA075
WAJKs;0,WA001
WAJKv;0,WA043
WAJKv;0,WA075
WAJKv;0,WA029
WAJKv;0,WA077
WAJKv;0,WA001
WAJv;0,WA075
WAJv;0,WA086
WAJv;0,WA001
WAK;0,WA029
WAK;0,WA055
WAK;0,WA075
WAK;0,WA001
WAKc;0,WA041
WAKc;0,WA001
WAKl;0,WA041
WAKl;0,WA039
WAKl;0,WA001
WAKu;0,WA041
WAKu;0,WA001
WAlTv;0,WA082
WAlTv;0,WA075
WAlTv;0,WA043
WAlTv;0,WA011
WAlTv;0,WA001
WAM;0,WA012
WAM;0,WA007
WAM;0,WA046
WAM;0,WA056
WAM;0,WA062
WAM;0,WA001
WAMc;0,WA017
WAMc;0,WA047
WAMc;0,WA050
WAMc;0,WA056
WAMc;0,WA001
WAMIPO;0,WA008
WAMIPO;0,WA007
WAMIPO;0,WA087
WAMIPO;0,WA088
WAMIPO;0,WA001
WAMIPOc;0,WA014
WAMIPOc;0,WA059
WAMIPOc;0,WA074
WAMIPOc;0,WA005
WAMIPOc;0,WA007
WAMIPOc;0,WA091
WAMIPOc;0,WA094
WAMIPOc;0,WA095
WAMIPOc;0,WA001
WAMIPOv;0,WA059
WAMIPOv;0,WA075
WAMIPOv;0,WA023
WAMIPOv;0,WA095
WAMIPOv;0,WA001
WAMv;0,WA010
WAMv;0,WA014
WAMv;0,WA015
WAMv;0,WA039
WAMv;0,WA059
WAMv;0,WA075
WAMv;0,WA005
WAMv;0,WA007
WAMv;0,WA023
WAMv;0,WA001
WAMZag;0,WA023
WAMZag;0,WA053
WAMZag;0,WA071
WAMZag;0,WA001
WAMZas;0,WA023
WAMZas;0,WA034
WAMZas;0,WA070
WAMZas;0,WA093
WAMZas;0,WA001
WAMZg;0,WA019
WAMZg;0,WA018
WAMZg;0,WA020
WAMZg;0,WA024
WAMZg;0,WA035
WAMZg;0,WA043
WAMZg;0,WA053
WAMZg;0,WA023
WAMZg;0,WA075
WAMZg;0,WA001
WAMZT;0,WA031
WAMZT;0,WA032
WAMZT;0,WA045
WAMZT;0,WA075
WAMZT;0,WA084
WAMZT;0,WA001
WAMZTv;0,WA032
WAMZTv;0,WA075
WAMZTv;0,WA084
WAMZTv;0,WA001
WAMZv;0,WA019
WAMZv;0,WA023
WAMZv;0,WA041
WAMZv;0,WA075
WAMZv;0,WA070
WAMZv;0,WA071
WAMZv;0,WA001
WAO;0,WA018
WAO;0,WA019
WAO;0,WA023
WAO;0,WA073
WAO;0,WA072
WAO;0,WA071
WAO;0,WA001
WAOL;0,WA012
WAOL;0,WA045
WAOL;0,WA007
WAOL;0,WA048
WAOL;0,WA049
WAOL;0,WA056
WAOL;0,WA062
WAOL;0,WA001
WAOLc;0,WA022
WAOLc;0,WA050
WAOLc;0,WA068
WAOLc;0,WA007
WAOLc;0,WA067
WAOLc;0,WA069
WAOLc;0,WA070
WAOLc;0,WA014
WAOLc;0,WA023
WAOLc;0,WA001
WAOLM;0,WA012
WAOLM;0,WA007
WAOLM;0,WA045
WAOLM;0,WA049
WAOLM;0,WA048
WAOLM;0,WA062
WAOLM;0,WA008
WAOLM;0,WA084
WAOLM;0,WA001
WAOLMv;0,WA014
WAOLMv;0,WA011
WAOLMv;0,WA021
WAOLMv;0,WA023
WAOLMv;0,WA059
WAOLMv;0,WA007
WAOLMv;0,WA075
WAOLMv;0,WA001
WAOLv;0,WA023
WAOLv;0,WA019
WAOLv;0,WA065
WAOLv;0,WA069
WAOLv;0,WA001
WAOW;0,WA001
WAPCA;0,WA017
WAPCA;0,WA020
WAPCA;0,WA023
WAPCA;0,WA024
WAPCA;0,WA071
WAPCA;0,WA072
WAPCA;0,WA079
WAPCA;0,WA047
WAPCA;0,WA001
WAPCAc;0,WA018
WAPCAc;0,WA023
WAPCAc;0,WA071
WAPCAc;0,WA072
WAPCAc;0,WA001
WAPCAd;0,WA019
WAPCAd;0,WA023
WAPCAd;0,WA001
WAPCAi;0,WA024
WAPCAi;0,WA023
WAPCAi;0,WA001
WAPCAph;0,WA018
WAPCAph;0,WA071
WAPCAph;0,WA023
WAPCAph;0,WA001
WAPCAv;0,WA020
WAPCAv;0,WA018
WAPCAv;0,WA023
WAPCAv;0,WA071
WAPCAv;0,WA079
WAPCAv;0,WA001
WApE2;0,WA012
WApE2;0,WA045
WApE2;0,WA084
WApE2;0,WA007
WApE2;0,WA001
WApJ;0,WA043
WApJ;0,WA075
WApJ;0,WA082
WApJ;0,WA001
WApJgn;0,WA035
WApJgn;0,WA036
WApJgn;0,WA039
WApJgn;0,WA043
WApJgn;0,WA064
WApJgn;0,WA057
WApJgn;0,WA075
WApJgn;0,WA023
WApJgn;0,WA085
WApJgn;0,WA001
WApJgs;0,WA030
WApJgs;0,WA039
WApJgs;0,WA042
WApJgs;0,WA085
WApJgs;0,WA075
WApJgs;0,WA001
WApJph;0,WA039
WApJph;0,WA040
WApJph;0,WA034
WApJph;0,WA041
WApJph;0,WA042
WApJph;0,WA059
WApJph;0,WA060
WApJph;0,WA061
WApJph;0,WA064
WApJph;0,WA085
WApJph;0,WA001
WApJs;0,WA075
WApJs;0,WA082
WApJs;0,WA001
WApJsc;0,WA035
WApJsc;0,WA036
WApJsc;0,WA038
WApJsc;0,WA041
WApJsc;0,WA034
WApJsc;0,WA043
WApJsc;0,WA023
WApJsc;0,WA007
WApJsc;0,WA085
WApJsc;0,WA075
WApJsc;0,WA001
WApJv;0,WA059
WApJv;0,WA060
WApJv;0,WA075
WApJv;0,WA001
WAPL;0,WA075
WAPL;0,WA084
WAPL;0,WA089
WAPL;0,WA092
WAPL;0,WA001
WAPLc;0,WA007
WAPLc;0,WA009
WAPLc;0,WA067
WAPLc;0,WA001
WAPLQv;0,WA007
WAPLQv;0,WA067
WAPLQv;0,WA014
WAPLQv;0,WA016
WAPLQv;0,WA001
WAPM;0,WA023
WAPM;0,WA078
WAPM;0,WA029
WAPM;0,WA001
WAPMPm;0,WA039
WAPMPm;0,WA080
WAPMPm;0,WA075
WAPMPm;0,WA086
WAPMPm;0,WA001
WAPMPms;0,WA039
WAPMPms;0,WA080
WAPMPms;0,WA075
WAPMPms;0,WA086
WAPMPms;0,WA001
WAPMPmv;0,WA027
WAPMPmv;0,WA039
WAPMPmv;0,WA080
WAPMPmv;0,WA075
WAPMPmv;0,WA005
WAPMPmv;0,WA071
WAPMPmv;0,WA001
WApPMg;0,WA039
WApPMg;0,WA029
WApPMg;0,WA030
WApPMg;0,WA075
WApPMg;0,WA001
WApPMm;0,WA043
WApPMm;0,WA039
WApPMm;0,WA075
WApPMm;0,WA007
WApPMm;0,WA001
WAPrm;0,WA019
WAPrm;0,WA023
WAPrm;0,WA073
WAPrm;0,WA075
WAPrm;0,WA078
WAPrm;0,WA001
WApT;0,WA083
WApT;0,WA078
WApT;0,WA082
WApT;0,WA075
WApT;0,WA076
WApT;0,WA043
WApT;0,WA081
WApT;0,WA040
WApT;0,WA001
WApTb;0,WA040
WApTb;0,WA043
WApTb;0,WA057
WApTb;0,WA059
WApTb;0,WA060
WApTb;0,WA075
WApTb;0,WA023
WApTb;0,WA090
WApTb;0,WA001
WApTbi;0,WA034
WApTbi;0,WA023
WApTbi;0,WA058
WApTbi;0,WA090
WApTbi;0,WA001
WApTd;0,WA075
WApTd;0,WA001
WApTm;0,WA034
WApTm;0,WA023
WApTm;0,WA075
WApTm;0,WA029
WApTm;0,WA001
WApTv;0,WA059
WApTv;0,WA075
WApTv;0,WA001
WAPZl;0,WA019
WAPZl;0,WA070
WAPZl;0,WA001
WAPZu;0,WA019
WAPZu;0,WA023
WAPZu;0,WA072
WAPZu;0,WA071
WAPZu;0,WA070
WAPZu;0,WA073
WAPZu;0,WA001
WAQa;0,WA001
WAQc;0,WA050
WAQc;0,WA051
WAQc;0,WA007
WAQc;0,WA096
WAQc;0,WA001
WAQce;0,WA002
WAQce;0,WA005
WAQce;0,WA006
WAQce;0,WA001
WAQcl;0,WA005
WAQcl;0,WA095
WAQcl;0,WA001
WAQe;0,WA007
WAQe;0,WA001
WAQg;0,WA096
WAQg;0,WA023
WAQg;0,WA001
WAQg1;0,WA002
WAQg1;0,WA003
WAQg1;0,WA096
WAQg1;0,WA001
WAQg1o;0,WA005
WAQg1o;0,WA004
WAQg1o;0,WA006
WAQg1o;0,WA002
WAQg1o;0,WA096
WAQg1o;0,WA023
WAQg1o;0,WA001
WAQg1t;0,WA002
WAQg1t;0,WA096
WAQg1t;0,WA001
WAQg2;0,WA002
WAQg2;0,WA051
WAQg2;0,WA096
WAQg2;0,WA001
WAQgl;0,WA004
WAQgl;0,WA005
WAQgl;0,WA023
WAQgl;0,WA001
WAQs;0,WA005
WAQs;0,WA016
WAQs;0,WA096
WAQs;0,WA001
WAQt;0,WA045
WAQt;0,WA050
WAQt;0,WA084
WAQt;0,WA075
WAQt;0,WA089
WAQt;0,WA001
WAQv;0,WA016
WAQv;0,WA007
WAQv;0,WA001
WASD;0,WA018
WASD;0,WA071
WASD;0,WA001
WATas;0,WA053
WATas;0,WA070
WATas;0,WA021
WATas;0,WA001
WATc;0,WA018
WATc;0,WA024
WATc;0,WA028
WATc;0,WA034
WATc;0,WA053
WATc;0,WA071
WATc;0,WA075
WATc;0,WA033
WATc;0,WA023
WATc;0,WA001
WATd;0,WA075
WATd;0,WA080
WATd;0,WA082
WATd;0,WA001
WATg;0,WA016
WATg;0,WA036
WATg;0,WA037
WATg;0,WA040
WATg;0,WA041
WATg;0,WA039
WATg;0,WA043
WATg;0,WA054
WATg;0,WA067
WATg;0,WA007
WATg;0,WA023
WATg;0,WA001
WATi;0,WA021
WATi;0,WA022
WATi;0,WA019
WATi;0,WA034
WATi;0,WA048
WATi;0,WA049
WATi;0,WA053
WATi;0,WA056
WATi;0,WA069
WATi;0,WA015
WATi;0,WA007
WATi;0,WA075
WATi;0,WA023
WATi;0,WA001
WATKbi;0,WA043
WATKbi;0,WA075
WATKbi;0,WA001
WATKg;0,WA037
WATKg;0,WA041
WATKg;0,WA039
WATKg;0,WA064
WATKg;0,WA070
WATKg;0,WA075
WATKg;0,WA072
WATKg;0,WA023
WATKg;0,WA082
WATKg;0,WA001
WATKv;0,WA041
WATKv;0,WA001
WATR;0,WA021
WATR;0,WA027
WATR;0,WA029
WATR;0,WA033
WATR;0,WA075
WATR;0,WA001
WATRJ;0,WA026
WATRJ;0,WA075
WATRJ;0,WA086
WATRJ;0,WA001
WATs;0,WA010
WATs;0,WA075
WATs;0,WA084
WATs;0,WA045
WATs;0,WA001
WATv;0,WA024
WATv;0,WA033WA033
WATv;0,WA034
WATv;0,WA043
WATv;0,WA023
WATv;0,WA072
WATv;0,WA001
WAUnk;0,WA001
WAuTv;0,WA044
WAuTv;0,WA075
WAuTv;0,WA001
